cdn,teadescription,locale,typology,districtname,firstyearofadoption,2017-2018 ADA,2018-2019 ADA,2019-2020 ADA,2020-2021 ADA,2021-2022 ADA,2022-2023 ADA,2023-2024 ADA,2018_approaches,2018_meets,2018_masters,2019_approaches,2019_meets,2019_masters,2021_approaches,2021_meets,2021_masters,2022_approaches,2022_meets,2022_masters,2023_approaches,2023_meets,2023_masters,2024_approaches,2024_meets,2024_masters,Region,County,2018 Overall Score,2019 Overall Score,2020 Overall Score,2021 Overall Score,2022 Overall Score,2023 Overall Score,2024 Overall Score
1903,Non-metropolitan Stable,Rural: Distant,Full 4DSW,Elkhart ISD,2024,,,,,,,,81.0,52.0,22.0,84.0,56.0,27.0,83.0,54.0,25.0,85.0,59.0,30.0,84.0,55.0,21.0,79.0,50.0,18.0,REGION 07: KILGORE,ANDERSON,82.6,89.8,,,89.0,82.4,80.2
1904,Rural,Rural: Distant,Full 4DSW,Frankston ISD,2024,797.575,747.921,727.934,688.153,793.261,741.04,750.153,81.0,53.0,24.0,81.0,53.0,25.0,79.0,52.0,23.0,83.0,57.0,25.0,84.0,56.0,21.0,83.0,58.0,20.0,REGION 07: KILGORE,ANDERSON,81.25,84.25,,,89.75,87.25,85.75
1909,Rural,Rural: Remote,Full 4DSW,Slocum ISD,2024,391.536,373.244,332.955,336.703,327.165,308.03,294.694,83.0,49.0,17.0,89.0,55.0,22.0,81.0,49.0,20.0,86.0,55.0,25.0,86.0,61.0,24.0,83.0,60.0,20.0,REGION 07: KILGORE,ANDERSON,83.66666666666667,88.0,,,87.33333333333333,87.33333333333333,86.0
7901,Rural,Rural: Distant,Full 4DSW,Charlotte ISD,2025,448.461,429.229,408.064,387.745,370.159,389.342,405.598,72.0,38.0,11.0,75.0,40.0,13.0,63.0,34.0,15.0,69.0,39.0,13.0,69.0,33.0,7.0,67.0,33.0,9.0,REGION 20: SAN ANTONIO,ATASCOSA,68.25,77.75,,,80.5,71.5,71.0
10902,Non-metropolitan Stable,Rural: Distant,Full 4DSW,Bandera ISD,2025,,,,,,,,72.0,42.0,18.0,73.0,42.0,18.0,65.0,38.0,16.0,67.0,38.0,15.0,74.0,44.0,15.0,69.0,43.0,15.0,REGION 20: SAN ANTONIO,BANDERA,73.4,77.0,,,67.4,77.4,68.0
13905,Rural,Rural: Distant,Full 4DSW,SKIDMORE-TYNAN ISD,2024,784.565,780.783,765.616,734.673,730.448,694.56,726.981,79.0,48.0,19.0,82.0,50.0,20.0,74.0,42.0,17.0,84.0,53.0,22.0,82.0,53.0,17.0,81.0,52.0,17.0,REGION 02: CORPUS CHRISTI,BEE,82.25,89.0,,,91.5,84.25,84.25
14901,Non-metropolitan Stable,Rural: Fringe,Full 4DSW,Academy ISD,2024,,,,,,,,83.0,55.0,24.0,83.0,54.0,24.0,75.0,45.0,19.0,80.0,52.0,24.0,82.0,54.0,19.0,82.0,56.0,21.0,REGION 12: WACO,BELL,85.6,83.6,,,82.8,77.8,85.0
19901,Rural,Rural: Distant,Full 4DSW,Dekalb ISD,2023,734.473,713.648,708.805,697.078,699.353,724.13,800.399,69.0,38.0,13.0,68.0,36.0,14.0,71.0,39.0,14.0,74.0,45.0,21.0,77.0,44.0,14.0,74.0,46.0,13.0,REGION 08: MT PLEASANT,BOWIE,76.5,71.5,,,87.0,75.25,78.75
19905,Non-metropolitan Stable,Town: Distant,Full 4DSW,New Boston ISD,2023,,,,,,,,71.0,39.0,14.0,72.0,39.0,14.0,65.0,38.0,15.0,72.0,43.0,19.0,75.0,47.0,17.0,74.0,47.0,15.0,REGION 08: MT PLEASANT,BOWIE,79.5,77.75,,,81.75,82.0,80.75
19910,Rural,Rural: Distant,Full 4DSW,Malta ISD,2023,141.304,168.297,180.316,196.29,166.848,174.06,166.942,90.0,50.0,23.0,93.0,68.0,31.0,85.0,46.0,25.0,92.0,56.0,25.0,85.0,53.0,24.0,85.0,57.0,23.0,REGION 08: MT PLEASANT,BOWIE,78.0,94.0,,,84.0,80.0,91.0
23902,Rural,Rural: Remote,Full 4DSW,Silverton ISD,2022,192.657,181.511,170.74,170.056,176.003,193.32,196.772,83.0,49.0,23.0,86.0,52.0,20.0,79.0,51.0,23.0,85.0,63.0,32.0,84.0,59.0,27.0,83.0,59.0,20.0,REGION 16: AMARILLO,BRISCOE,87.0,89.0,,,93.0,92.0,94.0
31914,Non-metropolitan Stable,Suburb: Midsize,Hybrid/Modified,Santa Rosa ISD,2023,,,849.168,865.556,788.647,795.12,792.606,73.0,37.0,12.0,75.0,40.0,13.0,56.0,26.0,8.0,68.0,36.0,14.0,70.0,37.0,10.0,70.0,39.0,10.0,REGION 01: EDINBURG,CAMERON,81.5,83.0,,,85.75,74.5,74.0
33901,Rural,Rural: Remote,Hybrid/Modified,Groom ISD,2023,143.03,150.288,145.115,130.088,133.266,131.33,116.003,88.0,65.0,32.0,88.0,64.0,33.0,89.0,66.0,30.0,92.0,68.0,39.0,90.0,60.0,17.0,88.0,58.0,19.0,REGION 16: AMARILLO,CARSON,92.0,93.0,,,92.0,89.0,76.0
34902,Rural,Rural: Distant,Full 4DSW,Avinger ISD,2024,122.073,131.541,135.818,128.386,125.963,112.37,106.475,66.0,35.0,12.0,74.0,43.0,21.0,67.0,35.0,12.0,71.0,43.0,16.0,76.0,45.0,16.0,83.0,56.0,18.0,REGION 08: MT PLEASANT,CASS,78.0,74.0,,,87.0,82.0,89.0
35901,Other Central City Suburban,Town: Remote,Full 4DSW,DIMMITT ISD,2024,,,,,,985.29,971.502,66.0,29.0,8.0,69.0,36.0,13.0,59.0,30.0,8.0,64.0,30.0,11.0,61.0,30.0,8.0,70.0,35.0,10.0,REGION 16: AMARILLO,CASTRO,67.25,79.0,,,78.5,63.0,81.0
36901,Non-metropolitan Stable,Rural: Distant,Hybrid/Modified,Anahuac ISD,2025,,,,,,,,81.0,49.0,18.0,82.0,52.0,22.0,74.0,45.0,17.0,76.0,48.0,19.0,75.0,44.0,12.0,71.0,38.0,11.0,REGION 04: HOUSTON,CHAMBERS,84.5,88.0,,,87.0,76.0,76.0
37901,Rural,Rural: Distant,Full 4DSW,Alto ISD,2024,621.259,603.71,561.95,560.875,512.414,483.73,457.245,73.0,39.0,15.0,80.0,45.0,17.0,69.0,40.0,14.0,75.0,45.0,20.0,78.0,47.0,15.0,74.0,45.0,14.0,REGION 07: KILGORE,CHEROKEE,74.0,80.0,,,87.75,84.75,81.5
37907,Non-metropolitan Stable,Rural: Fringe,Full 4DSW,Rusk ISD,2024,,,,,,,,78.0,48.0,19.0,79.0,47.0,21.0,74.0,44.0,18.0,76.0,45.0,21.0,81.0,49.0,16.0,78.0,48.0,17.0,REGION 07: KILGORE,CHEROKEE,83.5,81.83333333333333,,,81.66666666666667,80.33333333333333,80.33333333333333
37908,Rural,Rural: Distant,Full 4DSW,New Summerfield ISD,2023,505.135,505.963,490.799,501.459,498.892,482.94,471.157,71.0,35.0,9.0,72.0,35.0,11.0,71.0,37.0,11.0,74.0,42.0,15.0,77.0,43.0,14.0,79.0,46.0,13.0,REGION 07: KILGORE,CHEROKEE,88.0,81.0,,,88.0,87.0,71.0
39903,Rural,Rural: Distant,Hybrid/Modified,Petrolia CISD,2022,451.982,400.798,404.499,402.64,427.068,429.68,430.562,73.0,40.0,12.0,73.0,40.0,15.0,69.0,40.0,14.0,75.0,45.0,17.0,74.0,42.0,13.0,73.0,44.0,14.0,REGION 09: WICHITA FALLS,CLAY,73.33333333333333,80.33333333333333,,,78.0,69.0,73.33333333333333
40901,Rural,Rural: Remote,Full 4DSW,MORTON ISD,2025,357.034,355.007,338.489,336.348,319.8,318.29,321.244,52.0,20.0,6.0,53.0,18.0,4.0,34.0,12.0,4.0,54.0,19.0,5.0,54.0,21.0,4.0,51.0,21.0,4.0,REGION 17: LUBBOCK,COCHRAN,65.0,69.5,,,82.0,66.0,70.0
42905,Rural,Rural: Remote,Full 4DSW,PANTHER CREEK CISD,2024,156.749,137.948,142.181,135.078,142.195,133.16,138.945,84.0,41.0,13.0,83.0,49.0,15.0,75.0,42.0,18.0,73.0,43.0,23.0,71.0,40.0,14.0,71.0,34.0,12.0,REGION 15: SAN ANGELO,COLEMAN,85.0,85.0,,,87.0,82.0,83.0
43902,Non-metropolitan Fast Growing,Rural: Fringe,Full 4DSW,Anna ISD,2024,,,,,,,,77.0,45.0,16.0,80.0,49.0,21.0,72.0,44.0,17.0,75.0,47.0,21.0,77.0,49.0,16.0,73.0,45.0,16.0,REGION 10: RICHARDSON,COLLIN,75.33333333333333,82.66666666666667,,,80.16666666666667,76.85714285714286,76.66666666666667
43904,Non-metropolitan Fast Growing,Town: Fringe,Full 4DSW,Farmersville ISD,2021,,,,,,,,86.0,57.0,24.0,85.0,56.0,24.0,78.0,47.0,19.0,81.0,54.0,24.0,82.0,55.0,20.0,78.0,51.0,17.0,REGION 10: RICHARDSON,COLLIN,82.4,86.6,,,83.8,82.0,79.2
43918,Other Central City Suburban,Rural: Fringe,Full 4DSW,Community ISD,2024,,,,,,,,77.0,47.0,18.0,80.0,51.0,22.0,67.0,38.0,15.0,70.0,39.0,16.0,73.0,43.0,13.0,72.0,43.0,14.0,REGION 10: RICHARDSON,COLLIN,79.2,85.4,,,77.8,77.33333333333333,75.85714285714286
48901,Rural,Rural: Remote,Full 4DSW,Eden CISD,2024,214.986,209.165,207.245,218.784,213.144,192.52,200.204,67.0,33.0,13.0,72.0,40.0,12.0,51.0,25.0,10.0,68.0,37.0,16.0,74.0,44.0,17.0,60.0,33.0,14.0,REGION 15: SAN ANGELO,CONCHO,83.0,81.0,,,82.0,79.0,73.0
49901,Independent Town,Rural: Fringe,Full 4DSW,Gainesville ISD,2024,,,,,,,,67.0,35.0,13.0,67.0,37.0,15.0,62.0,34.0,13.0,66.0,36.0,14.0,63.0,31.0,8.0,60.0,29.0,6.0,REGION 11: FORT WORTH,COOKE,71.83333333333333,74.16666666666667,,,68.16666666666667,61.333333333333336,66.83333333333333
50901,Rural,Rural: Remote,Full 4DSW,Evant ISD,2023,229.011,216.188,220.907,253.288,187.109,179.91,176.655,65.0,35.0,11.0,66.0,38.0,17.0,57.0,29.0,10.0,60.0,30.0,9.0,67.0,37.0,10.0,60.0,28.0,7.0,REGION 12: WACO,CORYELL,69.66666666666667,75.66666666666667,,,71.33333333333333,70.0,62.0
51901,Rural,Rural: Remote,Full 4DSW,Paducah ISD,2023,194.544,185.175,175.85,173.731,148.21,147.59,148.129,75.0,38.0,12.0,72.0,40.0,14.0,63.0,37.0,14.0,72.0,40.0,15.0,69.0,30.0,9.0,63.0,29.0,6.0,REGION 17: LUBBOCK,COTTLE,80.0,86.0,,,86.0,81.0,81.0
52901,Other Central City Suburban,Town: Distant,Full 4DSW,CRANE ISD,2024,,,,,,,,70.0,34.0,11.0,70.0,37.0,13.0,66.0,39.0,14.0,72.0,44.0,20.0,69.0,39.0,11.0,68.0,39.0,11.0,REGION 15: SAN ANGELO,CRANE,70.0,69.25,,,83.5,63.75,74.75
56902,Rural,Rural: Remote,Full 4DSW,TEXLINE ISD,2024,161.065,166.843,174.677,183.518,194.776,189.2,197.747,72.0,38.0,15.0,76.0,36.0,14.0,80.0,56.0,25.0,81.0,57.0,32.0,92.0,70.0,35.0,92.0,72.0,37.0,REGION 16: AMARILLO,DALLAM,84.0,86.0,,,94.0,89.0,90.0
61908,Non-metropolitan Stable,Rural: Fringe,Hybrid/Modified,Sanger ISD,2025,,,,,,,,79.0,49.0,21.0,79.0,50.0,22.0,73.0,45.0,19.0,80.0,52.0,23.0,83.0,55.0,21.0,79.0,53.0,20.0,REGION 11: FORT WORTH,DENTON,75.75,82.75,,,84.5,82.14285714285714,80.625
63903,Rural,Rural: Remote,Full 4DSW,SPUR ISD,2025,237.885,224.78,225.26,222.759,203.657,198.28,181.98,70.0,38.0,14.0,74.0,44.0,18.0,77.0,50.0,18.0,77.0,49.0,23.0,74.0,42.0,14.0,73.0,45.0,17.0,REGION 17: LUBBOCK,DICKENS,84.0,89.0,,,88.0,82.0,77.0
63906,Rural,Rural: Remote,Hybrid/Modified,Patton Springs ISD,2024,89.753,90.01,91.732,83.595,77.029,66.83,72.898,75.0,39.0,15.0,78.0,46.0,19.0,71.0,46.0,14.0,84.0,55.0,23.0,78.0,44.0,18.0,77.0,52.0,16.0,REGION 17: LUBBOCK,DICKENS,82.0,88.0,,,95.0,90.0,91.0
67904,Rural,Rural: Remote,Full 4DSW,Gorman ISD,2023,276.977,276.562,271.023,257.474,243.47,237.92,230.6,70.0,39.0,14.0,68.0,35.0,12.0,70.0,35.0,12.0,73.0,47.0,21.0,73.0,38.0,9.0,72.0,40.0,10.0,REGION 14: ABILENE,EASTLAND,80.25,76.75,,,84.75,75.75,70.75
70907,Rural,Rural: Distant,Full 4DSW,ITALY ISD,2024,568.653,560.039,581.781,580.324,589.777,571.18,560.492,72.0,41.0,16.0,76.0,42.0,17.0,68.0,36.0,13.0,67.0,37.0,14.0,72.0,41.0,11.0,71.0,42.0,14.0,REGION 10: RICHARDSON,ELLIS,79.33333333333333,76.66666666666667,,,71.0,71.66666666666667,82.0
70909,Rural,Rural: Distant,Full 4DSW,MILFORD ISD,2024,247.683,243.653,224.346,222.237,217.631,227.5,235.123,64.0,29.0,8.0,64.0,25.0,8.0,57.0,29.0,10.0,59.0,28.0,12.0,58.0,28.0,5.0,59.0,19.0,4.0,REGION 10: RICHARDSON,ELLIS,79.0,58.0,,,86.0,79.0,76.0
70910,Other Central City Suburban,Rural: Fringe,Full 4DSW,PALMER ISD,2024,,,,,,,,84.0,52.0,21.0,84.0,54.0,24.0,80.0,51.0,22.0,84.0,58.0,27.0,82.0,58.0,22.0,82.0,57.0,22.0,REGION 10: RICHARDSON,ELLIS,84.5,85.5,,,90.75,85.5,85.25
71904,Major Suburban,Suburb: Large,Full 4DSW,San Elizario ISD,2024,,,,,,,,70.0,38.0,13.0,75.0,41.0,16.0,51.0,23.0,6.0,64.0,33.0,11.0,70.0,34.0,9.0,65.0,33.0,8.0,REGION 19: EL PASO,EL PASO,80.85714285714286,81.85714285714286,,,85.28571428571429,69.57142857142857,67.0
72901,Rural,Rural: Distant,Full 4DSW,Three way ISD,2024,123.508,144.474,163.448,200.63,214.945,205.28,180.495,68.0,37.0,12.0,75.0,35.0,13.0,69.0,28.0,10.0,63.0,26.0,8.0,68.0,32.0,6.0,67.0,28.0,7.0,REGION 11: FORT WORTH,ERATH,82.0,73.0,,,76.0,60.0,68.33333333333333
72908,Non-metropolitan Fast Growing,Rural: Distant,Full 4DSW,Huckabay ISD,2024,213.533,215.82,224.325,254.96,282.159,280.59,290.207,89.0,61.0,28.0,93.0,59.0,25.0,83.0,51.0,21.0,88.0,59.0,26.0,90.0,64.0,21.0,90.0,63.0,23.0,REGION 11: FORT WORTH,ERATH,94.0,92.0,,,90.0,85.0,88.0
72910,Rural,Rural: Remote,Full 4DSW,MORGAN MILL ISD,2020,111.143,104.305,99.038,112.345,99.014,99.99,101.891,75.0,43.0,17.0,83.0,46.0,21.0,74.0,39.0,17.0,82.0,49.0,22.0,84.0,46.0,13.0,60.0,43.0,12.0,REGION 11: FORT WORTH,ERATH,59.0,81.0,,,86.0,75.0,66.0
73903,Non-metropolitan Stable,Town: Distant,Hybrid/Modified,Marlin ISD,2024,754.424,793.44,753.797,720.938,795.579,819.12,804.372,45.0,19.0,5.0,45.0,19.0,6.0,46.0,21.0,7.0,55.0,28.0,11.0,53.0,25.0,6.0,53.0,23.0,5.0,REGION 12: WACO,FALLS,60.333333333333336,58.0,,,84.33333333333333,68.33333333333333,76.25
74905,Rural,Rural: Fringe,Full 4DSW,Ector ISD,2024,227.592,245.534,247.642,251.444,211.097,204.17,216.247,72.0,43.0,15.0,71.0,37.0,14.0,64.0,30.0,8.0,63.0,32.0,9.0,71.0,37.0,8.0,64.0,31.0,8.0,REGION 10: RICHARDSON,FANNIN,81.0,78.0,,,75.0,68.33333333333333,72.0
77902,Rural,Rural: Remote,Full 4DSW,Lockney ISD,2021,422.394,415.163,391.903,416.967,388.824,367.25,356.412,63.0,29.0,9.0,70.0,33.0,10.0,63.0,28.0,7.0,70.0,35.0,10.0,71.0,34.0,5.0,66.0,25.0,2.0,REGION 17: LUBBOCK,FLOYD,71.75,82.0,,,78.0,68.5,64.75
80901,Non-metropolitan Stable,Town: Remote,Full 4DSW,MOUNT VERNON ISD,2024,,,,,,,,78.0,47.0,18.0,78.0,47.0,18.0,73.0,44.0,19.0,82.0,51.0,23.0,81.0,52.0,19.0,84.0,57.0,23.0,REGION 08: MT PLEASANT,FRANKLIN,79.0,80.75,,,87.0,85.0,88.25
81906,Rural,Rural: Distant,Full 4DSW,Dew ISD,2024,145.319,138.479,156.277,154.854,115.468,121.37,156.279,81.0,47.0,17.0,67.0,29.0,11.0,75.0,48.0,24.0,84.0,55.0,26.0,84.0,55.0,19.0,81.0,50.0,22.0,REGION 12: WACO,FREESTONE,75.0,61.0,,,82.0,79.0,79.0
82903,Non-metropolitan Stable,Town: Remote,Full 4DSW,PEARSALL ISD,2025,,,,,,,,58.0,26.0,10.0,62.0,30.0,11.0,43.0,17.0,5.0,52.0,25.0,9.0,59.0,29.0,8.0,59.0,29.0,7.0,REGION 20: SAN ANTONIO,FRIO,63.4,70.2,,,76.4,64.4,64.6
83902,Rural,Rural: Remote,Hybrid/Modified,Loop ISD,2024,142.922,124.243,143.609,1.0,142.267,146.78,135.407,70.0,37.0,15.0,85.0,49.0,24.0,76.0,45.0,20.0,83.0,54.0,28.0,89.0,64.0,21.0,85.0,62.0,23.0,REGION 17: LUBBOCK,GAINES,76.0,89.0,,,91.0,91.0,91.0
84903,Rural,Rural: Remote,Hybrid/Modified,HIGH ISLAND ISD,2024,131.703,133.782,155.22,171.706,144.93,139.74,143.13,72.0,42.0,17.0,91.0,64.0,22.0,80.0,48.0,22.0,86.0,55.0,23.0,78.0,44.0,16.0,76.0,44.0,15.0,REGION 05: BEAUMONT,GALVESTON,78.0,91.0,,,91.0,85.0,79.0
85902,Rural,Town: Distant,Full 4DSW,Post ISD,2023,791.556,760.011,718.994,723.1,703.105,662.68,617.691,70.0,37.0,13.0,73.0,38.0,16.0,64.0,35.0,12.0,68.0,38.0,14.0,67.0,35.0,9.0,62.0,28.0,6.0,REGION 17: LUBBOCK,GARZA,72.0,75.75,,,78.75,65.75,63.75
90903,Rural,Rural: Remote,Full 4DSW,MCLEAN ISD,2024,222.909,212.183,186.157,183.717,167.209,175.67,171.362,84.0,52.0,23.0,78.0,52.0,25.0,76.0,48.0,19.0,77.0,47.0,19.0,84.0,47.0,14.0,81.0,48.0,12.0,REGION 16: AMARILLO,GRAY,87.0,91.0,,,93.0,88.0,69.0
91907,Rural,Rural: Distant,Hybrid/Modified,Tioga ISD,2023,544.209,621.857,640.81,686.9,647.992,656.36,641.475,85.0,55.0,24.0,87.0,55.0,25.0,79.0,48.0,18.0,84.0,53.0,23.0,84.0,52.0,15.0,80.0,49.0,14.0,REGION 10: RICHARDSON,GRAYSON,87.0,90.0,,,89.0,84.0,84.0
91914,Other Central City Suburban,Rural: Fringe,Full 4DSW,S AND S CISD,2025,859.236,877.417,859.28,912.974,917.632,878.36,881.364,75.0,45.0,17.0,78.0,46.0,18.0,72.0,44.0,17.0,76.0,49.0,20.0,77.0,45.0,14.0,74.0,46.0,16.0,REGION 10: RICHARDSON,GRAYSON,77.75,77.75,,,80.75,70.25,75.0
92901,Other Central City Suburban,Suburb: Small,Full 4DSW,Gladewater ISD,2025,,,,,,,,70.0,38.0,14.0,70.0,38.0,15.0,63.0,33.0,11.0,69.0,40.0,14.0,74.0,42.0,13.0,71.0,38.0,11.0,REGION 07: KILGORE,GREGG,72.8,75.2,,,78.0,69.8,71.0
95901,Rural,Town: Fringe,Hybrid/Modified,Abernathy ISD,2025,716.572,725.157,740.572,759.846,762.931,762.75,762.795,77.0,46.0,18.0,78.0,51.0,23.0,77.0,49.0,21.0,79.0,52.0,25.0,82.0,55.0,20.0,82.0,57.0,21.0,REGION 17: LUBBOCK,HALE,81.0,85.0,,,86.75,83.75,84.0
96904,Rural,Rural: Remote,Full 4DSW,MEMPHIS ISD,2025,445.901,443.162,390.849,389.943,386.222,373.72,342.233,69.0,37.0,13.0,71.0,40.0,14.0,67.0,35.0,12.0,76.0,44.0,19.0,80.0,51.0,16.0,80.0,49.0,15.0,REGION 16: AMARILLO,HALL,78.75,79.5,,,85.25,86.25,85.25
99903,Rural,Rural: Remote,Full 4DSW,QUANAH ISD,2024,494.016,467.047,475.177,489.691,460.944,412.99,418.223,74.0,38.0,13.0,75.0,42.0,16.0,74.0,43.0,18.0,81.0,49.0,24.0,84.0,53.0,18.0,81.0,48.0,15.0,REGION 09: WICHITA FALLS,HARDEMAN,80.25,81.5,,,89.5,86.25,84.5
100907,Other Central City Suburban,Suburb: Midsize,Hybrid/Modified,Lumberton ISD,2024,,,,,,,,81.0,50.0,21.0,83.0,54.0,24.0,78.0,51.0,24.0,81.0,53.0,25.0,82.0,54.0,20.0,79.0,50.0,17.0,REGION 05: BEAUMONT,HARDIN,80.83333333333333,83.33333333333333,,,83.5,75.33333333333333,75.83333333333333
100908,Rural,Rural: Distant,Full 4DSW,WEST HARDIN COUNTY CISD,2024,511.92,506.785,526.808,529.75,515.869,506.26,480.874,69.0,31.0,10.0,74.0,37.0,14.0,61.0,30.0,7.0,75.0,45.0,16.0,72.0,41.0,12.0,75.0,40.0,11.0,REGION 05: BEAUMONT,HARDIN,63.666666666666664,72.33333333333333,,,86.33333333333333,64.33333333333333,67.33333333333333
101906,Major Suburban,Rural: Fringe,Hybrid/Modified,Crosby ISD,2024,,,,,,,,77.0,46.0,18.0,78.0,49.0,20.0,69.0,40.0,15.0,75.0,47.0,21.0,74.0,47.0,16.0,72.0,43.0,14.0,REGION 04: HOUSTON,HARRIS,80.11111111111111,79.77777777777777,,,82.77777777777777,76.88888888888889,78.11111111111111
103901,Rural,Rural: Remote,Full 4DSW,Channing ISD,2023,169.077,161.166,147.532,152.045,147.186,150.11,118.829,77.0,39.0,12.0,71.0,34.0,14.0,72.0,45.0,23.0,69.0,43.0,19.0,65.0,37.0,11.0,60.0,33.0,11.0,REGION 16: AMARILLO,HARTLEY,84.0,82.0,,,84.0,70.0,77.0
104903,Rural,Rural: Distant,Full 4DSW,Rule ISD,2022,130.021,117.755,120.941,125.323,130.329,120.08,118.662,66.0,31.0,10.0,75.0,39.0,13.0,56.0,25.0,8.0,65.0,36.0,11.0,75.0,40.0,13.0,73.0,40.0,15.0,REGION 14: ABILENE,HASKELL,70.0,85.0,,,86.0,85.0,69.0
107901,Independent Town,Town: Distant,Full 4DSW,Athens ISD,2020,,,,,,,,71.0,40.0,16.0,72.0,40.0,15.0,64.0,35.0,14.0,68.0,40.0,18.0,72.0,41.0,15.0,67.0,37.0,13.0,REGION 10: RICHARDSON,HENDERSON,79.83333333333333,77.5,,,84.16666666666667,75.83333333333333,76.0
109904,Independent Town,Rural: Fringe,Full 4DSW,Hillsboro ISD,2025,,,,,,,,67.0,35.0,13.0,72.0,39.0,15.0,73.0,43.0,19.0,76.0,47.0,22.0,78.0,49.0,17.0,84.0,57.0,21.0,REGION 12: WACO,HILL,69.5,79.0,,,83.4,81.6,90.4
112907,Rural,Rural: Remote,Full 4DSW,MILLER GROVE ISD,2024,299.294,287.046,305.665,298.397,270.559,275.34,283.47,79.0,44.0,15.0,84.0,48.0,18.0,77.0,40.0,14.0,85.0,55.0,20.0,82.0,47.0,13.0,71.0,41.0,14.0,REGION 08: MT PLEASANT,HOPKINS,84.0,84.0,,,91.0,84.0,79.0
112910,Rural,Rural: Remote,Full 4DSW,Sulphur Bluff ISD,2023,206.827,217.214,204.6,200.296,188.704,204.9,207.048,79.0,44.0,16.0,84.0,49.0,19.0,79.0,46.0,14.0,80.0,47.0,16.0,82.0,51.0,19.0,74.0,46.0,14.0,REGION 08: MT PLEASANT,HOPKINS,83.0,89.0,,,83.0,84.0,85.0
113901,Non-metropolitan Stable,Town: Remote,Hybrid/Modified,Crockett ISD,2024,,,,,,,,60.0,28.0,10.0,62.0,28.0,10.0,53.0,28.0,9.0,63.0,32.0,14.0,59.0,28.0,9.0,59.0,28.0,8.0,REGION 06: HUNTSVILLE,HOUSTON,74.4,68.2,,,75.6,57.2,65.6
113902,Non-metropolitan Fast Growing,Rural: Remote,Full 4DSW,Grapeland ISD,2024,465.376,529.199,531.487,536.059,541.788,514.29,512.171,68.0,33.0,13.0,69.0,37.0,12.0,65.0,34.0,12.0,73.0,42.0,17.0,74.0,40.0,10.0,71.0,39.0,11.0,REGION 06: HUNTSVILLE,HOUSTON,68.25,72.75,,,83.75,66.0,64.75
113905,Rural,Rural: Distant,Full 4DSW,Latexo ISD,2021,428.944,413.011,413.974,421.004,440.252,451.89,455.278,75.0,42.0,14.0,83.0,48.0,21.0,74.0,45.0,17.0,78.0,50.0,19.0,82.0,50.0,15.0,79.0,48.0,15.0,REGION 06: HUNTSVILLE,HOUSTON,78.0,81.0,,,86.0,76.0,83.33333333333333
113906,Rural,Rural: Remote,Full 4DSW,Kennard ISD,2024,250.344,238.364,217.3,207.625,222.532,231.98,241.747,61.0,30.0,9.0,78.0,43.0,19.0,66.0,37.0,14.0,82.0,52.0,22.0,85.0,53.0,19.0,76.0,41.0,13.0,REGION 06: HUNTSVILLE,HOUSTON,61.5,80.5,,,95.0,82.0,80.0
114902,Non-metropolitan Stable,Rural: Distant,Hybrid/Modified,COAHOMA ISD,2024,922.792,,998.539,,982.946,,,68.0,36.0,12.0,71.0,38.0,14.0,62.0,30.0,11.0,71.0,38.0,15.0,75.0,42.0,12.0,75.0,42.0,12.0,REGION 18: MIDLAND,HOWARD,66.5,76.5,,,77.5,71.25,70.75
115902,Rural,Rural: Remote,Hybrid/Modified,SIERRA BLANCA ISD,2024,105.645,102.784,94.708,112.596,106.407,102.71,91.502,70.0,39.0,8.0,74.0,37.0,9.0,63.0,26.0,8.0,75.0,39.0,14.0,72.0,46.0,7.0,67.0,37.0,14.0,REGION 19: EL PASO,HUDSPETH,86.0,71.0,,,86.0,80.0,76.0
116906,Other Central City Suburban,Rural: Distant,Full 4DSW,Lone Oak ISD,2023,975.505,949.767,912.77,915.675,959.41,,,81.0,52.0,23.0,82.0,53.0,23.0,73.0,45.0,18.0,79.0,52.0,23.0,83.0,57.0,21.0,82.0,54.0,19.0,REGION 10: RICHARDSON,HUNT,80.75,85.0,,,88.5,84.5,84.25
116908,Other Central City Suburban,Rural: Fringe,Full 4DSW,Quinlan ISD,2022,,,,,,,,66.0,36.0,12.0,71.0,40.0,15.0,60.0,34.0,12.0,68.0,39.0,18.0,71.0,39.0,12.0,64.0,34.0,9.0,REGION 10: RICHARDSON,HUNT,68.6,75.0,,,80.0,73.8,62.4
116916,Rural,Rural: Fringe,Full 4DSW,Boles ISD,2022,487.112,503.574,476.139,463.178,490.427,502.36,502.58,76.0,44.0,14.0,78.0,46.0,15.0,72.0,41.0,14.0,74.0,39.0,13.0,73.0,43.0,10.0,70.0,39.0,12.0,REGION 10: RICHARDSON,HUNT,75.75,83.25,,,83.25,81.5,70.75
117907,Rural,Rural: Distant,Full 4DSW,Spring Creek ISD,2019,93.235,86.237,98.014,99.0,92.597,86.59,69.747,90.0,57.0,28.0,89.0,53.0,19.0,72.0,34.0,10.0,82.0,47.0,17.0,71.0,35.0,8.0,59.0,33.0,7.0,,,,,,,,,
119901,Rural,Rural: Remote,Full 4DSW,BRYSON ISD,2025,238.527,234.053,230.093,235.001,233.985,231.86,231.061,77.0,43.0,17.0,75.0,41.0,14.0,77.0,54.0,24.0,84.0,61.0,26.0,83.0,50.0,18.0,81.0,49.0,20.0,REGION 09: WICHITA FALLS,JACK,81.0,83.0,,,91.0,85.0,86.0
119903,Rural,Rural: Remote,Full 4DSW,Perrin-Whitt CISD,2023,316.941,306.202,294.315,300.242,297.388,300.77,304.046,78.0,40.0,14.0,79.0,39.0,14.0,75.0,41.0,15.0,84.0,50.0,18.0,84.0,56.0,19.0,85.0,51.0,15.0,REGION 09: WICHITA FALLS,JACK,75.5,84.0,,,88.5,90.0,92.0
126905,Other Central City Suburban,Rural: Fringe,Full 4DSW,Joshua ISD,2025,,,,,,,,83.0,54.0,25.0,84.0,56.0,28.0,79.0,53.0,24.0,83.0,58.0,28.0,84.0,58.0,22.0,82.0,56.0,22.0,REGION 11: FORT WORTH,JOHNSON,84.63636363636364,88.0,,,88.0909090909091,83.54545454545455,83.9090909090909
126907,Non-metropolitan Fast Growing,Rural: Distant,Full 4DSW,Rio Vista ISD,2023,680.635,698.45,681.246,712.831,770.586,863.14,890.801,72.0,40.0,12.0,74.0,39.0,13.0,63.0,32.0,11.0,73.0,45.0,21.0,79.0,48.0,15.0,76.0,47.0,15.0,REGION 11: FORT WORTH,JOHNSON,72.0,74.25,,,85.75,79.5,78.25
126908,Other Central City Suburban,Town: Fringe,Full 4DSW,Venus ISD,2024,,,,,,,,72.0,39.0,14.0,71.0,38.0,14.0,62.0,32.0,11.0,66.0,34.0,12.0,67.0,32.0,8.0,64.0,31.0,8.0,REGION 11: FORT WORTH,JOHNSON,74.4,74.8,,,78.4,63.0,62.8
128903,Rural,Rural: Distant,Full 4DSW,RUNGE ISD,2024,242.701,218.61,199.851,197.74,189.119,179.6,152.552,60.0,31.0,10.0,75.0,33.0,10.0,53.0,21.0,7.0,52.0,25.0,7.0,44.0,17.0,3.0,53.0,20.0,2.0,REGION 03: VICTORIA,KARNES,70.66666666666667,85.0,,,70.33333333333333,55.333333333333336,62.666666666666664
129906,Other Central City Suburban,Town: Distant,Full 4DSW,Terrell ISD,2024,,,,,,,,66.0,35.0,13.0,69.0,38.0,16.0,55.0,29.0,10.0,60.0,31.0,11.0,63.0,32.0,9.0,62.0,31.0,9.0,REGION 10: RICHARDSON,KAUFMAN,73.0,78.85714285714286,,,78.66666666666667,65.88888888888889,71.77777777777777
137901,Independent Town,Town: Distant,Full 4DSW,Kingsville ISD,2025,,,,,,,,57.0,28.0,10.0,61.0,31.0,11.0,44.0,20.0,6.0,56.0,29.0,11.0,56.0,27.0,7.0,54.0,26.0,7.0,REGION 02: CORPUS CHRISTI,KLEBERG,64.33333333333333,71.66666666666667,,,74.66666666666667,59.666666666666664,61.666666666666664
138904,Rural,Rural: Remote,Full 4DSW,Benjamin ISD,2024,101.243,111.201,120.257,120.761,125.469,127.82,98.283,80.0,50.0,19.0,88.0,53.0,26.0,75.0,46.0,23.0,89.0,55.0,27.0,82.0,48.0,12.0,87.0,52.0,13.0,REGION 09: WICHITA FALLS,KNOX,90.0,91.0,,,95.0,85.0,88.0
139905,Non-metropolitan Stable,Rural: Fringe,Full 4DSW,CHISUM ISD,2025,889.113,872.856,962.861,992.648,,,,82.0,51.0,20.0,87.0,59.0,25.0,82.0,54.0,24.0,83.0,55.0,26.0,85.0,57.0,20.0,85.0,57.0,17.0,REGION 08: MT PLEASANT,LAMAR,83.5,90.25,,,86.0,80.0,80.25
139909,Independent Town,Town: Remote,Full 4DSW,Paris ISD,2025,,,,,,,,71.0,40.0,16.0,73.0,42.0,19.0,65.0,38.0,17.0,69.0,42.0,19.0,72.0,42.0,15.0,68.0,41.0,14.0,REGION 08: MT PLEASANT,LAMAR,80.77777777777777,82.88888888888889,,,80.77777777777777,78.88888888888889,77.66666666666667
139911,Non-metropolitan Stable,Rural: Fringe,Full 4DSW,North Lamar ISD,2025,,,,,,,,81.0,49.0,20.0,81.0,51.0,21.0,74.0,46.0,20.0,75.0,46.0,20.0,79.0,51.0,18.0,76.0,51.0,20.0,REGION 08: MT PLEASANT,LAMAR,77.16666666666667,81.66666666666667,,,75.0,79.0,81.16666666666667
140907,Rural,Rural: Remote,Full 4DSW,Springlake-Earth ISD,2023,333.038,324.699,296.346,270.07,274.342,276.98,242.13,65.0,34.0,11.0,72.0,37.0,15.0,78.0,49.0,22.0,75.0,44.0,19.0,80.0,46.0,14.0,82.0,51.0,17.0,REGION 17: LUBBOCK,LAMB,72.0,86.5,,,87.0,87.5,89.5
141902,Rural,Rural: Remote,Full 4DSW,Lometa ISD,2024,248.291,271.858,294.595,322.283,281.906,258.57,296.245,68.0,34.0,12.0,69.0,36.0,16.0,55.0,30.0,14.0,64.0,31.0,14.0,71.0,37.0,11.0,64.0,31.0,9.0,REGION 12: WACO,LAMPASAS,84.0,87.0,,,87.0,84.0,81.0
143906,Rural,Rural: Remote,Full 4DSW,Ezzell ISD,2024,93.497,82.675,74.455,75.418,78.446,100.53,118.449,91.0,61.0,33.0,89.0,57.0,32.0,84.0,59.0,32.0,86.0,54.0,30.0,87.0,59.0,28.0,82.0,53.0,20.0,REGION 03: VICTORIA,LAVACA,91.0,85.0,,,83.0,85.0,81.0
145902,Rural,Rural: Remote,Full 4DSW,CENTERVILLE ISD,2024,634.642,626.248,608.558,622.411,660.953,639.67,610.436,80.0,46.0,17.0,86.0,51.0,19.0,78.0,48.0,17.0,82.0,50.0,20.0,81.0,49.0,16.0,74.0,41.0,13.0,REGION 06: HUNTSVILLE,LEON,79.33333333333333,82.0,,,84.0,69.66666666666667,69.66666666666667
145907,Rural,Rural: Remote,Full 4DSW,Oakwood ISD,2021,186.14,175.89,162.901,175.863,209.261,207.93,206.518,80.0,51.0,18.0,82.0,42.0,14.0,67.0,29.0,7.0,73.0,36.0,12.0,68.0,30.0,5.0,70.0,29.0,7.0,REGION 06: HUNTSVILLE,LEON,86.33333333333333,76.0,,,78.33333333333333,63.666666666666664,72.66666666666667
146903,Rural,Rural: Distant,Full 4DSW,Devers ISD,2020,161.351,166.201,173.987,182.961,192.596,177.51,163.131,95.0,80.0,48.0,96.0,80.0,50.0,97.0,79.0,48.0,100.0,85.0,56.0,94.0,83.0,47.0,96.0,83.0,53.0,REGION 04: HOUSTON,LIBERTY,96.0,96.0,,,96.66666666666667,92.0,94.33333333333333
146904,Non-metropolitan Stable,Rural: Distant,Full 4DSW,Hardin ISD,2023,,,,,,,,70.0,37.0,13.0,72.0,39.0,15.0,71.0,43.0,18.0,72.0,41.0,16.0,73.0,41.0,11.0,65.0,38.0,11.0,REGION 05: BEAUMONT,LIBERTY,72.75,74.25,,,80.0,75.5,70.75
146905,Rural,Rural: Distant,Full 4DSW,Hull-Daisetta ISD,2023,427.505,451.443,462.087,496.007,380.514,381.03,374.024,68.0,35.0,10.0,63.0,29.0,10.0,54.0,26.0,8.0,60.0,26.0,8.0,61.0,28.0,5.0,60.0,29.0,6.0,REGION 05: BEAUMONT,LIBERTY,78.25,74.75,,,74.25,73.75,59.25
146907,Other Central City Suburban,Rural: Distant,Hybrid/Modified,Tarkington ISD,2024,,,,,,,,79.0,48.0,18.0,80.0,48.0,21.0,72.0,43.0,17.0,78.0,48.0,21.0,78.0,49.0,16.0,67.0,38.0,12.0,REGION 04: HOUSTON,LIBERTY,75.8,78.0,,,83.6,79.4,69.8
148902,Rural,Rural: Remote,Hybrid/Modified,Follett ISD,2023,132.645,120.573,1.0,156.248,163.235,161.58,154.344,88.0,52.0,19.0,82.0,52.0,23.0,78.0,46.0,20.0,74.0,43.0,16.0,77.0,46.0,18.0,73.0,37.0,13.0,REGION 16: AMARILLO,LIPSCOMB,87.0,88.0,,,85.0,82.0,84.0
152903,Other Central City Suburban,Town: Fringe,Full 4DSW,Slaton ISD,2024,,,,,,,,71.0,37.0,12.0,74.0,41.0,14.0,60.0,31.0,8.0,70.0,39.0,14.0,72.0,37.0,9.0,73.0,40.0,11.0,REGION 17: LUBBOCK,LUBBOCK,79.8,81.8,,,84.4,66.8,75.6
153903,Rural,Rural: Remote,Hybrid/Modified,O'DONNELL ISD,2024,294.765,284.087,275.575,271.101,279.852,266.4,249.919,62.0,29.0,11.0,66.0,34.0,16.0,72.0,38.0,13.0,72.0,40.0,14.0,80.0,45.0,14.0,77.0,45.0,14.0,REGION 17: LUBBOCK,LYNN,82.0,86.0,,,88.0,86.0,90.0
153904,Rural,Town: Distant,Hybrid/Modified,TAHOKA ISD,2024,561.085,560.089,555.739,531.314,540.529,540.17,532.625,75.0,38.0,12.0,73.0,40.0,14.0,75.0,43.0,20.0,80.0,51.0,23.0,77.0,49.0,16.0,75.0,46.0,15.0,REGION 17: LUBBOCK,LYNN,75.0,83.0,,,88.25,83.5,82.5
153907,Rural,Rural: Distant,Full 4DSW,WILSON ISD,2024,113.736,101.146,124.819,140.459,118.843,109.21,117.442,59.0,17.0,6.0,66.0,30.0,12.0,62.0,32.0,13.0,68.0,35.0,16.0,68.0,30.0,5.0,58.0,22.0,8.0,REGION 17: LUBBOCK,LYNN,73.0,67.0,,,84.0,76.0,72.0
160904,Rural,Rural: Distant,Full 4DSW,Rochelle ISD,2021,165.138,167.893,181.39,186.632,179.783,179.63,148.653,69.0,41.0,13.0,82.0,46.0,18.0,89.0,66.0,36.0,95.0,80.0,48.0,93.0,76.0,36.0,90.0,66.0,30.0,REGION 15: SAN ANGELO,MCCULLOCH,84.0,85.0,,,99.0,98.0,96.0
161920,Other Central City Suburban,Rural: Fringe,Full 4DSW,China Spring ISD,2024,,,,,,,,88.0,61.0,26.0,87.0,59.0,28.0,84.0,59.0,28.0,86.0,62.0,32.0,87.0,62.0,25.0,86.0,60.0,23.0,REGION 12: WACO,MCLENNAN,87.8,87.33333333333333,,,90.2,83.85714285714286,85.71428571428571
161921,Other Central City Suburban,Suburb: Midsize,Hybrid/Modified,Connally ISD,2024,,,,,,,,64.0,29.0,9.0,63.0,30.0,9.0,50.0,22.0,6.0,55.0,25.0,9.0,60.0,26.0,5.0,55.0,23.0,5.0,REGION 12: WACO,MCLENNAN,67.83333333333333,67.16666666666667,,,64.33333333333333,67.66666666666667,61.333333333333336
163902,Rural,Rural: Distant,Hybrid/Modified,D'Hanis ISD,2024,351.187,335.644,323.34,303.01,280.98,258.79,255.035,83.0,54.0,22.0,84.0,53.0,22.0,85.0,57.0,25.0,85.0,60.0,32.0,89.0,65.0,27.0,86.0,64.0,29.0,REGION 20: SAN ANTONIO,MEDINA,88.0,92.0,,,87.0,89.0,82.0
163903,Non-metropolitan Stable,Rural: Fringe,Full 4DSW,Natalia ISD,2024,976.787,961.891,938.437,948.374,,,,61.0,28.0,9.0,67.0,31.0,10.0,58.0,27.0,8.0,64.0,34.0,11.0,65.0,32.0,7.0,61.0,32.0,8.0,REGION 20: SAN ANTONIO,MEDINA,58.8,73.4,,,80.6,64.8,64.2
165902,Other Central City Suburban,Rural: Distant,Full 4DSW,Greenwood ISD,2025,,,,,,,,75.0,44.0,16.0,74.0,43.0,18.0,73.0,43.0,18.0,79.0,51.0,23.0,79.0,50.0,17.0,75.0,46.0,14.0,REGION 18: MIDLAND,MIDLAND,77.5,76.0,,,86.2,77.8,75.4
166904,Independent Town,Town: Distant,Hybrid/Modified,Rockdale ISD,2024,,,,,,,,73.0,39.0,13.0,75.0,42.0,16.0,74.0,42.0,16.0,73.0,42.0,16.0,74.0,40.0,12.0,73.0,40.0,11.0,REGION 06: HUNTSVILLE,MILAM,72.6,82.6,,,79.8,75.6,83.0
166907,Rural,Rural: Distant,Hybrid/Modified,Buckholts ISD,2022,137.604,127.124,114.958,128.891,130.232,111.14,105.726,65.0,28.0,8.0,78.0,48.0,20.0,43.0,22.0,9.0,58.0,28.0,11.0,58.0,31.0,9.0,64.0,30.0,3.0,REGION 12: WACO,MILAM,77.0,90.0,,,83.0,71.0,77.0
167902,Rural,Rural: Remote,Full 4DSW,Mullin ISD,2023,337.701,310.133,249.219,1.0,204.232,187.68,202.614,68.0,35.0,14.0,67.0,29.0,9.0,74.0,40.0,10.0,81.0,55.0,23.0,76.0,41.0,11.0,67.0,30.0,8.0,REGION 12: WACO,MILLS,87.5,83.0,,,91.5,59.0,65.0
168902,Rural,Rural: Distant,Hybrid/Modified,Loraine ISD,2024,146.358,143.493,141.458,144.841,115.59,123.5,119.387,74.0,43.0,18.0,73.0,36.0,12.0,65.0,40.0,18.0,63.0,36.0,17.0,73.0,40.0,10.0,69.0,33.0,8.0,REGION 14: ABILENE,MITCHELL,85.0,87.0,,,81.0,81.0,75.0
169901,Non-metropolitan Stable,Town: Remote,Full 4DSW,Bowie ISD,2024,,,,,,,,75.0,44.0,18.0,74.0,44.0,18.0,71.0,41.0,16.0,72.0,41.0,16.0,78.0,45.0,15.0,77.0,49.0,16.0,REGION 09: WICHITA FALLS,MONTAGUE,75.25,78.75,,,76.75,74.4,78.4
169902,Rural,Town: Remote,Full 4DSW,Nocona ISD,2024,725.362,707.543,709.549,724.77,742.16,718.82,688.739,79.0,45.0,16.0,80.0,49.0,19.0,72.0,43.0,16.0,79.0,49.0,21.0,83.0,54.0,19.0,76.0,49.0,17.0,REGION 09: WICHITA FALLS,MONTAGUE,80.5,83.0,,,84.75,82.0,78.25
169906,Rural,Rural: Distant,Full 4DSW,Gold Burg ISD,2023,104.821,121.502,119.36,123.939,126.77,136.82,135.746,70.0,38.0,16.0,69.0,36.0,14.0,56.0,31.0,10.0,69.0,34.0,13.0,72.0,42.0,14.0,67.0,32.0,7.0,REGION 09: WICHITA FALLS,MONTAGUE,78.0,81.0,,,80.0,82.0,71.0
169908,Rural,Rural: Distant,Full 4DSW,Montague ISD,2023,138.856,149.023,152.528,155.474,128.706,131.55,145.332,76.0,50.0,18.0,81.0,47.0,19.0,75.0,40.0,18.0,89.0,64.0,35.0,91.0,68.0,30.0,87.0,60.0,29.0,REGION 09: WICHITA FALLS,MONTAGUE,75.0,75.0,,,96.0,91.0,89.0
169909,Rural,Rural: Distant,Full 4DSW,Prairie Valley ISD,2022,140.924,147.769,133.177,139.081,137.915,117.54,112.325,83.0,49.0,23.0,79.0,47.0,18.0,83.0,52.0,22.0,84.0,57.0,24.0,81.0,53.0,21.0,82.0,57.0,23.0,REGION 09: WICHITA FALLS,MONTAGUE,87.5,90.0,,,95.0,87.0,87.0
169910,Rural,Rural: Remote,Hybrid/Modified,Forestburg ISD,2024,168.865,157.339,145.883,151.407,157.663,172.3,162.997,60.0,22.0,6.0,72.0,32.0,8.0,80.0,47.0,14.0,84.0,55.0,21.0,71.0,40.0,14.0,74.0,39.0,9.0,REGION 09: WICHITA FALLS,MONTAGUE,74.0,69.0,,,88.0,86.0,81.0
169911,Non-metropolitan Fast Growing,Rural: Remote,Full 4DSW,SAINT JO ISD,2024,264.633,273.18,286.032,286.456,286.224,299.09,289.565,89.0,57.0,23.0,86.0,55.0,27.0,78.0,46.0,19.0,84.0,56.0,24.0,88.0,57.0,19.0,79.0,46.0,15.0,REGION 09: WICHITA FALLS,MONTAGUE,82.33333333333333,87.0,,,90.0,81.0,80.0
172905,Rural,Rural: Distant,Full 4DSW,Pewitt CISD,2023,822.307,797.291,773.596,771.858,793.429,761.06,772.925,69.0,38.0,12.0,73.0,36.0,14.0,68.0,36.0,12.0,80.0,50.0,18.0,85.0,52.0,17.0,85.0,55.0,20.0,REGION 08: MT PLEASANT,MORRIS,68.0,75.25,,,87.5,82.25,85.25
173901,Rural,Rural: Remote,Hybrid/Modified,Motley County ISD,2023,152.636,147.04,142.173,147.408,143.705,148.92,149.449,75.0,40.0,12.0,79.0,48.0,21.0,75.0,43.0,14.0,83.0,58.0,22.0,88.0,51.0,13.0,81.0,51.0,15.0,REGION 17: LUBBOCK,MOTLEY,83.0,90.0,,,90.0,84.0,92.0
175902,Non-metropolitan Stable,Rural: Distant,Hybrid/Modified,BLOOMING GROVE ISD,2025,864.715,854.325,834.734,790.853,817.929,846.62,865.319,69.0,36.0,11.0,74.0,38.0,14.0,70.0,39.0,13.0,79.0,49.0,21.0,76.0,45.0,13.0,75.0,44.0,14.0,REGION 12: WACO,NAVARRO,73.25,74.75,,,87.25,74.0,78.25
175905,Rural,Rural: Distant,Full 4DSW,FROST ISD,2024,377.46,391.177,384.395,380.759,401.879,421.52,427.542,72.0,38.0,13.0,77.0,42.0,15.0,70.0,36.0,13.0,72.0,41.0,16.0,75.0,44.0,12.0,66.0,38.0,11.0,REGION 12: WACO,NAVARRO,71.66666666666667,79.33333333333333,,,76.0,68.66666666666667,70.33333333333333
175910,Rural,Rural: Distant,Full 4DSW,MILDRED ISD,2024,701.939,701.032,721.243,727.134,784.554,797.07,800.183,80.0,49.0,18.0,80.0,50.0,23.0,78.0,49.0,22.0,85.0,55.0,26.0,85.0,55.0,19.0,81.0,54.0,21.0,REGION 12: WACO,NAVARRO,84.0,88.0,,,85.0,81.33333333333333,76.33333333333333
175911,Non-metropolitan Stable,Rural: Distant,Full 4DSW,RICE ISD,2024,840.828,849.894,851.398,893.727,931.58,963.4,,69.0,35.0,11.0,73.0,37.0,14.0,68.0,42.0,17.0,75.0,49.0,22.0,78.0,49.0,16.0,79.0,52.0,20.0,REGION 12: WACO,NAVARRO,76.5,76.75,,,86.5,84.25,87.75
176901,Rural,Rural: Remote,Full 4DSW,Burkeville ISD,2023,247.922,245.74,222.469,228.278,203.488,208.95,224.992,61.0,28.0,9.0,65.0,33.0,15.0,52.0,26.0,8.0,58.0,28.0,11.0,67.0,32.0,7.0,64.0,30.0,7.0,REGION 05: BEAUMONT,NEWTON,78.0,79.0,,,80.0,63.0,63.0
180903,Rural,Rural: Remote,Full 4DSW,Adrian ISD,2024,108.89,109.162,117.981,125.35,105.205,113.45,110.109,70.0,36.0,10.0,71.0,33.0,10.0,68.0,32.0,12.0,84.0,42.0,15.0,82.0,47.0,9.0,80.0,44.0,15.0,REGION 16: AMARILLO,OLDHAM,73.0,82.0,,,88.5,90.0,88.0
182901,Rural,Rural: Remote,Full 4DSW,Gordon ISD,2020,169.598,166.521,193.677,205.393,232.614,220.7,217.126,75.0,45.0,18.0,86.0,51.0,23.0,70.0,35.0,13.0,71.0,37.0,15.0,76.0,42.0,15.0,73.0,47.0,15.0,REGION 11: FORT WORTH,PALO PINTO,79.0,89.0,,,82.0,77.0,86.0
182902,Rural,Rural: Remote,Full 4DSW,Graford ISD,2023,321.268,314.932,314.219,292.773,297.268,300.48,308.807,72.0,36.0,10.0,75.0,43.0,14.0,73.0,41.0,14.0,71.0,43.0,17.0,80.0,44.0,13.0,79.0,45.0,16.0,REGION 11: FORT WORTH,PALO PINTO,70.5,76.0,,,85.0,77.0,91.0
182903,Independent Town,Town: Distant,Full 4DSW,Mineral Wells ISD,2023,,,,,,,,65.0,34.0,12.0,69.0,38.0,14.0,61.0,32.0,11.0,70.0,39.0,15.0,71.0,40.0,13.0,69.0,39.0,12.0,REGION 11: FORT WORTH,PALO PINTO,74.33333333333333,86.0,,,87.66666666666667,80.0,83.0
182905,Rural,Rural: Remote,Full 4DSW,Strawn ISD,2023,162.691,149.369,148.619,140.481,145.963,152.17,149.703,72.0,37.0,14.0,77.0,39.0,17.0,66.0,39.0,16.0,67.0,32.0,13.0,69.0,33.0,6.0,59.0,22.0,4.0,REGION 11: FORT WORTH,PALO PINTO,81.0,83.0,,,85.0,84.0,79.0
182906,Rural,Rural: Distant,Full 4DSW,Palo Pinto ISD,2023,90.866,85.135,83.157,75.607,77.652,80.44,87.219,88.0,54.0,22.0,96.0,66.0,30.0,92.0,54.0,27.0,97.0,75.0,43.0,98.0,81.0,49.0,95.0,81.0,46.0,REGION 11: FORT WORTH,PALO PINTO,84.0,94.0,,,93.0,92.0,91.0
187904,Rural,Rural: Remote,Full 4DSW,Corrigan-Camden ISD,2021,814.788,767.823,705.007,732.618,746.294,766.9,773.779,67.0,34.0,12.0,68.0,36.0,14.0,66.0,36.0,15.0,76.0,46.0,21.0,78.0,46.0,15.0,74.0,44.0,16.0,REGION 06: HUNTSVILLE,POLK,77.5,77.25,,,87.75,76.5,80.5
187906,Rural,Rural: Distant,Full 4DSW,LEGGETT ISD,2024,168.44,161.619,173.516,188.509,194.816,173.61,182.689,69.0,36.0,11.0,61.0,30.0,7.0,44.0,19.0,4.0,57.0,27.0,9.0,64.0,31.0,11.0,67.0,37.0,9.0,REGION 06: HUNTSVILLE,POLK,78.66666666666667,71.66666666666667,,,73.33333333333333,69.66666666666667,79.33333333333333
187910,Non-metropolitan Stable,Town: Distant,Full 4DSW,ONALASKA ISD,2024,,,995.804,,,,,81.0,50.0,19.0,85.0,54.0,23.0,80.0,51.0,21.0,85.0,54.0,24.0,80.0,50.0,18.0,77.0,48.0,16.0,REGION 06: HUNTSVILLE,POLK,80.33333333333333,87.33333333333333,,,87.66666666666667,80.33333333333333,83.0
189901,Rural,Rural: Remote,Full 4DSW,Marfa ISD,2024,293.589,303.148,283.645,270.934,240.568,206.69,193.978,73.0,40.0,15.0,76.0,45.0,16.0,62.0,28.0,8.0,70.0,37.0,15.0,78.0,42.0,12.0,69.0,30.0,5.0,REGION 18: MIDLAND,PRESIDIO,79.0,87.0,,,82.0,69.0,69.0
190903,Non-metropolitan Stable,Rural: Distant,Full 4DSW,Rains ISD,2024,,,,,,,,75.0,40.0,14.0,77.0,43.0,17.0,61.0,30.0,10.0,69.0,36.0,13.0,70.0,37.0,8.0,71.0,38.0,12.0,REGION 07: KILGORE,RAINS,74.4,76.8,,,75.6,68.4,75.0
193902,Rural,Rural: Remote,Hybrid/Modified,LEAKEY ISD,2024,284.553,258.108,243.052,254.923,299.685,307.86,316.95,69.0,38.0,13.0,77.0,45.0,21.0,64.0,36.0,10.0,73.0,43.0,19.0,75.0,44.0,14.0,71.0,41.0,11.0,REGION 20: SAN ANTONIO,REAL,81.0,85.0,,,83.0,68.0,76.0
194902,Rural,Rural: Remote,Full 4DSW,Avery ISD,2025,332.966,306.875,285.432,305.856,317.489,303.54,289.557,79.0,48.0,19.0,86.0,53.0,22.0,83.0,56.0,21.0,84.0,62.0,28.0,88.0,69.0,29.0,87.0,64.0,27.0,REGION 08: MT PLEASANT,RED RIVER,85.5,86.5,,,96.0,94.0,90.5
194904,Rural,Town: Remote,Full 4DSW,clarksville ISD,2025,469.499,461.92,438.895,417.817,460.517,453.1,457.816,66.0,32.0,9.0,66.0,28.0,10.0,53.0,24.0,7.0,52.0,24.0,6.0,56.0,23.0,4.0,57.0,22.0,2.0,REGION 08: MT PLEASANT,RED RIVER,70.66666666666667,76.0,,,73.0,59.333333333333336,62.666666666666664
194905,Rural,Rural: Remote,Full 4DSW,DETROIT ISD,2025,487.429,491.888,469.824,470.019,481.399,460.92,450.309,78.0,46.0,18.0,78.0,47.0,20.0,72.0,43.0,17.0,70.0,41.0,17.0,72.0,40.0,13.0,67.0,37.0,9.0,REGION 08: MT PLEASANT,RED RIVER,84.0,83.75,,,80.0,72.5,72.25
197902,Rural,Rural: Remote,Full 4DSW,MIAMI ISD,2024,201.782,200.234,173.917,182.303,177.532,186.44,178.516,77.0,48.0,17.0,81.0,47.0,21.0,82.0,45.0,19.0,89.0,57.0,28.0,89.0,56.0,19.0,77.0,40.0,10.0,REGION 16: AMARILLO,ROBERTS,87.0,86.0,,,93.0,92.0,78.0
198901,Rural,Rural: Remote,Full 4DSW,BREMOND ISD,2024,453.188,435.729,440.492,438.066,451.454,453.78,461.947,79.0,46.0,19.0,79.0,52.0,21.0,76.0,44.0,18.0,84.0,53.0,25.0,85.0,53.0,19.0,82.0,53.0,17.0,REGION 06: HUNTSVILLE,ROBERTSON,80.25,84.75,,,86.0,78.25,84.25
198902,Rural,Rural: Distant,Full 4DSW,CALVERT ISD,2024,144.95,145.887,127.777,137.578,124.726,118.82,134.3,65.0,26.0,5.0,70.0,27.0,5.0,51.0,19.0,4.0,57.0,21.0,3.0,49.0,14.0,0.0,54.0,19.0,2.0,REGION 06: HUNTSVILLE,ROBERTSON,57.0,80.0,,,85.0,70.0,60.0
200904,Rural,Town: Distant,Hybrid/Modified,Winters ISD,2023,499.656,504.492,496.012,502.086,492.865,490.44,471.483,65.0,31.0,13.0,70.0,37.0,15.0,63.0,34.0,12.0,71.0,41.0,19.0,73.0,42.0,14.0,72.0,43.0,14.0,REGION 15: SAN ANGELO,RUNNELS,72.0,76.0,,,88.0,73.0,80.0
201903,Rural,Rural: Distant,Full 4DSW,LANEVILLE ISD,2024,155.76,145.551,141.471,151.429,137.672,130.66,124.125,79.0,44.0,20.0,79.0,50.0,25.0,64.0,36.0,14.0,84.0,54.0,19.0,73.0,44.0,10.0,66.0,35.0,4.0,REGION 07: KILGORE,RUSK,85.0,81.0,,,91.0,82.5,85.0
201904,Rural,Rural: Distant,Full 4DSW,Leveretts Chapel ISD,2024,240.804,230.137,211.914,217.502,221.469,198.07,188.165,73.0,45.0,19.0,79.0,47.0,22.0,74.0,45.0,21.0,78.0,50.0,19.0,75.0,46.0,12.0,68.0,42.0,10.0,REGION 07: KILGORE,RUSK,86.5,88.75,,,90.5,79.5,77.0
201908,Rural,Rural: Distant,Full 4DSW,Overton ISD,2024,482.28,462.627,446.215,442.398,429.189,457.6,460.669,73.0,36.0,14.0,77.0,40.0,17.0,63.0,32.0,10.0,74.0,40.0,16.0,78.0,41.0,11.0,74.0,40.0,9.0,REGION 07: KILGORE,RUSK,70.0,78.0,,,86.0,75.0,79.0
204901,Other Central City Suburban,Rural: Distant,Full 4DSW,COLDSPRING-OAKHURST CISD,2024,,,,,,,,60.0,28.0,9.0,64.0,32.0,12.0,55.0,27.0,9.0,62.0,32.0,11.0,61.0,30.0,7.0,60.0,31.0,9.0,REGION 06: HUNTSVILLE,SAN JACINTO,56.8,65.2,,,70.4,57.8,64.0
206901,Rural,Town: Remote,Full 4DSW,SAN SABA ISD,2024,675.026,698.426,682.155,642.712,661.007,620.85,656.013,81.0,48.0,22.0,80.0,48.0,18.0,68.0,38.0,15.0,75.0,43.0,20.0,81.0,45.0,15.0,77.0,46.0,15.0,REGION 15: SAN ANGELO,SAN SABA,84.75,81.25,,,85.0,80.25,76.0
206902,Rural,Rural: Remote,Full 4DSW,Richland Springs ISD,2018,116.93,113.606,109.682,105.763,115.031,126.52,126.442,71.0,35.0,9.0,70.0,37.0,9.0,71.0,38.0,10.0,74.0,38.0,15.0,77.0,38.0,10.0,84.0,44.0,13.0,REGION 15: SAN ANGELO,SAN SABA,73.0,86.0,,,81.0,77.0,84.0
206903,Rural,Rural: Remote,Full 4DSW,Cherokee ISD,2018,110.927,107.095,98.997,123.282,121.406,124.54,122.969,84.0,58.0,28.0,87.0,54.0,23.0,79.0,51.0,20.0,81.0,52.0,22.0,87.0,54.0,19.0,83.0,59.0,21.0,REGION 15: SAN ANGELO,SAN SABA,84.0,86.0,,,83.0,86.0,91.0
209902,Rural,Rural: Remote,Full 4DSW,Moran ISD,2023,115.077,103.057,102.237,104.788,98.222,101.99,106.638,57.0,27.0,5.0,65.0,32.0,9.0,45.0,23.0,5.0,47.0,24.0,8.0,58.0,25.0,6.0,55.0,24.0,3.0,REGION 14: ABILENE,SHACKELFORD,67.0,79.0,,,77.0,66.0,74.0
210905,Rural,Rural: Remote,Full 4DSW,Timpson ISD,2023,587.13,635.625,619.893,597.198,598.324,625.25,657.937,76.0,43.0,13.0,77.0,40.0,13.0,64.0,32.0,10.0,67.0,31.0,10.0,71.0,39.0,10.0,72.0,41.0,11.0,REGION 07: KILGORE,SHELBY,81.0,87.0,,,85.0,84.0,81.0
215901,Non-metropolitan Stable,Town: Remote,Full 4DSW,Breckenridge ISD,2024,,,,,,,,70.0,38.0,13.0,70.0,36.0,13.0,66.0,35.0,13.0,71.0,41.0,18.0,78.0,48.0,17.0,79.0,50.0,18.0,REGION 14: ABILENE,STEPHENS,72.4,70.2,,,83.6,83.0,85.8
219901,Rural,Rural: Distant,Full 4DSW,Happy ISD,2023,245.589,242.513,244.504,246.595,238.978,244.06,243.334,89.0,63.0,27.0,86.0,62.0,27.0,88.0,64.0,32.0,90.0,64.0,27.0,88.0,61.0,25.0,90.0,66.0,24.0,REGION 16: AMARILLO,SWISHER,91.0,88.33333333333333,,,88.66666666666667,85.0,92.0
221904,Other Central City Suburban,Rural: Distant,Full 4DSW,Merkel ISD,2023,,,977.647,995.233,986.853,,,68.0,37.0,13.0,73.0,42.0,16.0,71.0,42.0,16.0,70.0,41.0,16.0,76.0,44.0,15.0,70.0,41.0,14.0,REGION 14: ABILENE,TAYLOR,68.5,81.5,,,79.5,78.75,77.5
221905,Rural,Rural: Distant,Full 4DSW,TRENT ISD,2024,148.841,150.468,134.801,120.85,120.075,125.01,131.084,81.0,40.0,9.0,68.0,39.0,14.0,64.0,31.0,11.0,63.0,33.0,14.0,69.0,34.0,11.0,63.0,41.0,12.0,REGION 14: ABILENE,TAYLOR,85.0,85.0,,,80.0,64.0,75.0
223902,Rural,Rural: Distant,Full 4DSW,Meadow ISD,2021,261.909,262.615,251.863,245.988,248.797,231.12,215.485,66.0,30.0,7.0,69.0,30.0,10.0,66.0,28.0,7.0,71.0,40.0,16.0,69.0,32.0,6.0,68.0,36.0,10.0,REGION 17: LUBBOCK,TERRY,80.0,83.0,,,87.0,81.0,87.0
223904,Rural,Rural: Distant,Full 4DSW,Wellman-Union CISD,2025,282.314,299.337,281.414,284.602,257.609,266.85,255.794,82.0,47.0,17.0,83.0,48.0,23.0,82.0,52.0,23.0,80.0,51.0,22.0,80.0,44.0,16.0,75.0,39.0,12.0,REGION 17: LUBBOCK,TERRY,87.0,91.0,,,90.0,91.0,89.0
224901,Rural,Rural: Remote,Full 4DSW,THROCKMORTON COLLEGIATE ISD,2025,119.46,135.098,142.615,155.256,138.993,127.13,113.826,67.0,34.0,14.0,56.0,24.0,8.0,55.0,30.0,10.0,57.0,27.0,5.0,72.0,34.0,8.0,81.0,44.0,10.0,REGION 09: WICHITA FALLS,THROCKMORTON,81.0,79.0,,,80.0,85.0,85.0
224902,Rural,Rural: Remote,Full 4DSW,Woodson ISD,2020,150.632,132.279,141.533,143.778,146.928,149.39,159.318,75.0,41.0,15.0,76.0,41.0,13.0,71.0,46.0,14.0,77.0,53.0,20.0,80.0,51.0,15.0,69.0,43.0,11.0,REGION 09: WICHITA FALLS,THROCKMORTON,82.0,83.0,,,89.0,90.0,82.0
228901,Rural,Rural: Remote,Full 4DSW,Groveton ISD,2024,700.674,696.047,687.007,697.256,697.581,705.54,699.181,74.0,42.0,16.0,79.0,50.0,21.0,74.0,49.0,21.0,80.0,54.0,26.0,79.0,51.0,18.0,77.0,46.0,13.0,REGION 06: HUNTSVILLE,TRINITY,75.66666666666667,85.33333333333333,,,86.0,74.0,69.33333333333333
228903,Non-metropolitan Stable,Rural: Fringe,Hybrid/Modified,TRINITY ISD,2024,,,,,,,,57.0,24.0,7.0,62.0,30.0,10.0,55.0,29.0,10.0,63.0,33.0,12.0,65.0,34.0,9.0,61.0,28.0,6.0,REGION 06: HUNTSVILLE,TRINITY,69.0,65.75,,,70.75,69.5,66.75
228905,Rural,Rural: Distant,Full 4DSW,Apple Springs ISD,2022,180.978,176.173,170.671,184.952,185.826,187.33,189.587,64.0,34.0,14.0,70.0,38.0,11.0,58.0,31.0,8.0,77.0,46.0,12.0,74.0,46.0,15.0,68.0,38.0,7.0,REGION 06: HUNTSVILLE,TRINITY,72.66666666666667,82.33333333333333,,,89.0,78.0,74.33333333333333
229901,Rural,Rural: Distant,Full 4DSW,Colmesneil ISD,2022,423.596,440.202,443.981,427.135,416.205,407.25,365.512,78.0,47.0,21.0,78.0,48.0,19.0,71.0,42.0,17.0,72.0,41.0,18.0,77.0,46.0,14.0,73.0,43.0,11.0,REGION 05: BEAUMONT,TYLER,79.33333333333333,80.66666666666667,,,75.66666666666667,75.0,66.66666666666667
230906,Other Central City Suburban,Rural: Distant,Full 4DSW,New Diana ISD,2024,,,,,,,,77.0,42.0,15.0,83.0,53.0,24.0,80.0,54.0,25.0,87.0,60.0,28.0,86.0,61.0,26.0,85.0,61.0,25.0,REGION 07: KILGORE,UPSHUR,73.25,86.25,,,84.75,84.5,83.0
231901,Rural,Rural: Remote,Full 4DSW,MCCAMEY ISD,2024,487.981,499.459,486.226,463.279,468.539,442.16,437.948,68.0,34.0,11.0,70.0,37.0,11.0,55.0,26.0,9.0,67.0,34.0,13.0,68.0,32.0,7.0,64.0,28.0,8.0,REGION 18: MIDLAND,UPTON,78.75,72.25,,,82.75,59.75,70.5
232904,Rural,Rural: Remote,Full 4DSW,Utopia ISD,2024,211.73,213.351,196.243,192.895,193.998,181.0,182.985,73.0,45.0,17.0,74.0,47.0,21.0,70.0,41.0,14.0,75.0,46.0,19.0,69.0,39.0,14.0,80.0,53.0,19.0,REGION 20: SAN ANTONIO,UVALDE,85.0,87.0,,,85.0,76.0,92.0
233903,Rural,Rural: Remote,Full 4DSW,COMSTOCK ISD,2024,204.309,189.287,193.087,220.913,223.211,207.84,170.935,89.0,61.0,30.0,82.0,55.0,32.0,75.0,48.0,24.0,85.0,56.0,28.0,82.0,52.0,19.0,80.0,53.0,22.0,REGION 15: SAN ANGELO,VAL VERDE,95.0,93.0,,,91.0,87.0,77.0
234907,Independent Town,Town: Distant,Full 4DSW,WILLS POINT ISD,2024,,,,,,,,72.0,40.0,15.0,73.0,42.0,16.0,66.0,36.0,13.0,67.0,38.0,15.0,72.0,40.0,12.0,64.0,34.0,10.0,REGION 10: RICHARDSON,VAN ZANDT,79.16666666666667,75.5,,,72.33333333333333,78.0,68.16666666666667
235901,Rural,Rural: Distant,Hybrid/Modified,BLOOMINGTON ISD,2024,794.176,757.075,683.309,740.488,725.935,760.19,750.791,60.0,27.0,9.0,56.0,26.0,10.0,40.0,15.0,4.0,58.0,28.0,10.0,59.0,30.0,7.0,55.0,26.0,5.0,REGION 03: VICTORIA,VICTORIA,71.6,62.0,,,79.0,68.8,60.8
236901,Non-metropolitan Stable,Rural: Fringe,Hybrid/Modified,New Waverly ISD,2024,974.722,950.721,925.224,966.102,938.433,983.8,993.331,81.0,49.0,20.0,81.0,51.0,24.0,73.0,41.0,16.0,80.0,52.0,23.0,81.0,53.0,16.0,80.0,53.0,20.0,REGION 06: HUNTSVILLE,WALKER,79.6,82.2,,,84.6,75.2,80.6
242905,Rural,Rural: Remote,Full 4DSW,Kelton ISD,2021,70.796,78.428,72.675,109.462,126.801,137.31,124.823,77.0,33.0,9.0,81.0,52.0,26.0,67.0,42.0,18.0,73.0,46.0,21.0,80.0,51.0,18.0,77.0,49.0,13.0,REGION 16: AMARILLO,WHEELER,69.0,90.0,,,86.0,82.0,77.0
244905,Rural,Rural: Distant,Full 4DSW,NORTHSIDE ISD,2023,205.755,213.416,218.387,227.376,226.86,233.07,225.863,74.0,34.0,13.0,83.0,50.0,16.0,78.0,43.0,18.0,79.0,44.0,18.0,84.0,54.0,17.0,86.0,60.0,20.0,REGION 09: WICHITA FALLS,WILBARGER,78.0,88.0,,,88.0,92.0,94.0
247903,Independent Town,Rural: Distant,Full 4DSW,La Vernia ISD,2024,,,,,,,,87.0,62.0,30.0,87.0,62.0,31.0,83.0,59.0,29.0,85.0,61.0,32.0,87.0,61.0,25.0,84.0,60.0,24.0,REGION 20: SAN ANTONIO,WILSON,90.0,89.6,,,87.4,86.4,84.4
249904,Rural,Rural: Distant,Hybrid/Modified,Chico ISD,2023,553.541,563.768,526.528,525.574,529.447,498.43,508.75,79.0,45.0,14.0,80.0,53.0,21.0,69.0,38.0,13.0,70.0,38.0,16.0,78.0,43.0,12.0,71.0,41.0,11.0,REGION 11: FORT WORTH,WISE,77.25,88.25,,,80.0,74.0,71.25
250906,Rural,Rural: Distant,Full 4DSW,Alba-Golden ISD,2024,808.993,814.763,773.065,785.888,786.882,768.91,761.014,77.0,42.0,16.0,79.0,46.0,18.0,71.0,38.0,15.0,79.0,43.0,17.0,78.0,49.0,16.0,78.0,47.0,17.0,REGION 07: KILGORE,WOOD,79.33333333333333,80.33333333333333,,,82.66666666666667,78.0,77.33333333333333
252901,Non-metropolitan Stable,Town: Remote,Hybrid/Modified,Graham ISD,2024,,,,,,,,74.0,42.0,17.0,73.0,43.0,18.0,74.0,47.0,21.0,77.0,50.0,22.0,78.0,48.0,19.0,76.0,49.0,18.0,REGION 09: WICHITA FALLS,YOUNG,77.0,74.25,,,85.75,78.0,76.75
252902,Rural,Rural: Distant,Hybrid/Modified,NEWCASTLE ISD,2024,213.458,193.435,174.283,189.597,197.171,201.67,202.479,83.0,53.0,21.0,82.0,53.0,19.0,82.0,53.0,23.0,82.0,55.0,29.0,86.0,58.0,25.0,82.0,55.0,19.0,REGION 09: WICHITA FALLS,YOUNG,89.0,90.0,,,90.0,92.0,86.0
